id,currency,symbol,name,logo_url,status,price,price_date,price_timestamp,circulating_supply,max_supply,market_cap,market_cap_dominance,num_exchanges,num_pairs,num_pairs_unmapped,first_candle,first_trade,first_order_book,rank,rank_delta,high,high_timestamp,1d.volume,1d.price_change,1d.price_change_pct,1d.volume_change,1d.volume_change_pct,1d.market_cap_change,1d.market_cap_change_pct,first_priced_at
BTC,BTC,BTC,Bitcoin,https://s3.us-east-2.amazonaws.com/nomics-api/static/images/currencies/btc.svg,active,56940.39308447,2021-10-11T00:00:00Z,2021-10-11T13:26:00Z,18840800,21000000,1072802558026,0.4058,392,66014,5168,2011-08-18T00:00:00Z,2011-08-18T00:00:00Z,2017-01-06T00:00:00Z,1,0,63661.50560242,2021-04-13T00:00:00Z,50341468878.94,1480.25528850,0.0267,7924486765.49,0.1868,27939496184.51,0.0267
ETH,ETH,ETH,Ethereum,https://s3.us-east-2.amazonaws.com/nomics-api/static/images/currencies/eth.svg,active,3582.89572395,2021-10-11T00:00:00Z,2021-10-11T13:26:00Z,117883331,,422363682786,0.1598,417,51955,48026,2015-08-07T00:00:00Z,2015-08-07T00:00:00Z,2018-08-29T00:00:00Z,2,0,4180.41753068,2021-05-11T00:00:00Z,28623376981.90,30.33717031,0.0085,6278394871.33,0.2810,3624025717.28,0.0087
HEX,HEX,HEX,HEX,https://s3.us-east-2.amazonaws.com/nomics-api/static/images/currencies/HEX.png,active,0.42079516,2021-10-11T00:00:00Z,2021-10-11T13:26:00Z,572485206291,635344797134,240899006714,0.0911,32,98,8,2019-12-13T00:00:00Z,2020-05-18T00:00:00Z,2020-03-11T00:00:00Z,3,0,0.48708482,2021-09-18T00:00:00Z,15532372.33,-0.012695997,-0.0293,-1095224.84,-0.0659,-7253322195.20,-0.0292
ADA,ADA,ADA,Cardano,https://s3.us-east-2.amazonaws.com/nomics-api/static/images/currencies/ada.svg,active,2.21135678,2021-10-11T00:00:00Z,2021-10-11T13:26:00Z,32066390668,45000000000,70910230366,0.0268,123,424,1,2017-10-01T00:00:00Z,2017-11-22T00:00:00Z,2018-08-29T00:00:00Z,4,0,2.96791211,2021-09-03T00:00:00Z,2320324905.36,-0.033438639,-0.0149,180259636.76,0.0842,-1072256476.27,-0.0149
USDT,USDT,USDT,Tether,https://s3.us-east-2.amazonaws.com/nomics-api/static/images/currencies/usdt.svg,active,0.99994119,2021-10-11T00:00:00Z,2021-10-11T13:26:00Z,69206570965,,69202501043,0.0262,355,44534,11209,2013-12-27T00:00:00Z,2013-12-27T00:00:00Z,2018-08-29T00:00:00Z,5,0,1.08981776,2017-12-23T00:00:00Z,88334407935.13,-0.0026892790,-0.0027,5248535806.19,0.0632,-186115780.68,-0.0027
BNB,BNB,BNB,Binance Coin,https://s3.us-east-2.amazonaws.com/nomics-api/static/images/currencies/bnb.svg,active,418.40288921,2021-10-11T00:00:00Z,2021-10-11T13:26:00Z,154533652,170533652,64657326436,0.0245,160,8958,443887,2017-07-14T00:00:00Z,2017-07-14T00:00:00Z,2018-08-29T00:00:00Z,6,0,677.22673760,2021-05-03T00:00:00Z,2267826135.30,-0.91008100,-0.0022,261553750.55,0.1304,-140638140.73,-0.0022
XRP,XRP,XRP,XRP,https://s3.us-east-2.amazonaws.com/nomics-api/static/images/currencies/XRP.svg,active,1.15627714,2021-10-11T00:00:00Z,2021-10-11T13:26:00Z,46805773456,100000000000,54120445764,0.0205,260,1764,55,2013-05-09T00:00:00Z,2013-05-09T00:00:00Z,2018-08-29T00:00:00Z,7,0,2.75743606,2018-01-07T00:00:00Z,4829833952.21,-0.026871026,-0.0227,-2196198917.39,-0.3126,-1257719136.13,-0.0227
SOL,SOL,SOL,Solana,https://nomics-api.s3.us-east-2.amazonaws.com/static/images/currencies/SOL2.jpg,active,149.60036560,2021-10-11T00:00:00Z,2021-10-11T13:26:00Z,299730328,488630611,44839766605,0.0170,72,395,22,2020-04-07T00:00:00Z,2020-04-10T00:00:00Z,2020-04-07T00:00:00Z,8,0,191.69942204,2021-09-08T00:00:00Z,2564711417.64,-4.44741844,-0.0289,539083824.41,0.2661,-1307462868.25,-0.0283
DOT,DOT,DOT,Polkadot,https://s3.us-east-2.amazonaws.com/nomics-api/static/images/currencies/DOT.svg,active,35.11454320,2021-10-11T00:00:00Z,2021-10-11T13:26:00Z,1039196866,1120146000,36490923262,0.0138,116,349,0,2019-06-03T00:00:00Z,2019-08-27T00:00:00Z,2019-08-28T00:00:00Z,9,0,370.09211030,2020-08-12T00:00:00Z,2405490047.37,-1.16604398,-0.0321,-1005591880.69,-0.2948,-1203050647.85,-0.0319
USDC,USDC,USDC,USD Coin,https://s3.us-east-2.amazonaws.com/nomics-api/static/images/currencies/usdc.svg,active,0.99973739,2021-10-11T00:00:00Z,2021-10-11T13:26:00Z,33200596279,33200596279,33191877576,0.0126,207,3268,3320,2018-09-27T00:00:00Z,2018-09-27T00:00:00Z,2018-10-26T00:00:00Z,10,0,1.03026725,2019-05-02T00:00:00Z,2033914133.44,-0.00071061523,-0.0007,580252797.59,0.3992,48384974.45,0.0015
DOGE,DOGE,DOGE,Dogecoin,https://s3.us-east-2.amazonaws.com/nomics-api/static/images/currencies/doge.svg,active,0.23487160,2021-10-11T00:00:00Z,2021-10-11T13:26:00Z,131651445235,,30921185138,0.0117,210,2856,1001,2014-01-21T00:00:00Z,2014-01-21T00:00:00Z,2018-09-12T00:00:00Z,11,0,0.68801391,2021-05-07T00:00:00Z,1796067734.69,-0.0091713873,-0.0376,238770115.27,0.1533,-1204097412.77,-0.0375
SHIB,SHIB,SHIB,Shiba Inu,https://s3.us-east-2.amazonaws.com/nomics-api/static/images/currencies/SHIB.png,active,0.000029206204,2021-10-11T00:00:00Z,2021-10-11T13:26:00Z,589746581145308,999999980899601,17224259016,0.0065,77,175,25,2020-07-31T00:00:00Z,2020-07-31T00:00:00Z,2021-02-01T00:00:00Z,12,2,0.0019361118,2020-11-08T00:00:00Z,5026441985.73,0.0000033941297,0.1315,-302497364.24,-0.0568,2001676413.60,0.1315
LUNA,LUNA,LUNA,Luna,https://s3.us-east-2.amazonaws.com/nomics-api/static/images/currencies/LUNA.jpg,active,39.69840567,2021-10-11T00:00:00Z,2021-10-11T13:26:00Z,401827635,971133020,15951916463,0.0060,50,94,0,2019-06-05T00:00:00Z,2019-07-26T00:00:00Z,2019-07-04T00:00:00Z,13,-1,46.82443112,2021-10-04T00:00:00Z,1018420533.26,-2.18363718,-0.0521,127804431.79,0.1435,-881850430.67,-0.0524
UNI,UNI,UNI,Uniswap Protocol Token,https://s3.us-east-2.amazonaws.com/nomics-api/static/images/currencies/UNISWAP.svg,active,24.60424095,2021-10-11T00:00:00Z,2021-10-11T13:26:00Z,627564437,1000000000,15440746621,0.0058,165,688,95,2019-06-03T00:00:00Z,2020-09-17T00:00:00Z,2019-10-11T00:00:00Z,14,-1,43.22208434,2021-05-04T00:00:00Z,500444980.52,-0.72359456,-0.0286,-12803446.22,-0.0249,-453984254.98,-0.0286
BUSD,BUSD,BUSD,Binance USD,https://s3.us-east-2.amazonaws.com/nomics-api/static/images/currencies/BUSD.png,active,1.00006252,2021-10-11T00:00:00Z,2021-10-11T13:26:00Z,13182583775,13182583775,13183407970,0.0050,80,3496,13610,2017-07-09T00:00:00Z,2019-09-19T00:00:00Z,2019-09-19T00:00:00Z,15,1,1.01218325,2020-03-12T00:00:00Z,4447766336.18,-0.0015622058,-0.0016,314960571.88,0.0762,-20593908.48,-0.0016
AVAX,AVAX,AVAX,Avalanche,https://s3.us-east-2.amazonaws.com/nomics-api/static/images/currencies/AVAX.svg,active,57.68551809,2021-10-11T00:00:00Z,2021-10-11T13:26:00Z,220286577,391128419,12707345334,0.0048,51,303,1265,2020-07-08T00:00:00Z,2020-07-22T00:00:00Z,2020-07-08T00:00:00Z,16,-1,76.60032635,2021-09-23T00:00:00Z,953773249.47,-2.31897161,-0.0386,285181197.02,0.4265,-510838318.47,-0.0386
LTC,LTC,LTC,Litecoin,https://s3.us-east-2.amazonaws.com/nomics-api/static/images/currencies/ltc.svg,active,181.01244332,2021-10-11T00:00:00Z,2021-10-11T13:26:00Z,68725146,84000000,12440106547,0.0047,326,3038,480,2013-03-25T00:00:00Z,2013-03-25T00:00:00Z,2018-08-29T00:00:00Z,17,0,388.84329521,2021-05-09T00:00:00Z,2033167608.29,0.46820152,0.0026,108171213.18,0.0562,33474879.11,0.0027
LINK,LINK,LINK,ChainLink,https://s3.us-east-2.amazonaws.com/nomics-api/static/images/currencies/LINK.jpg,active,26.11598959,2021-10-11T00:00:00Z,2021-10-11T13:26:00Z,458009554,1000000000,11961372742,0.0045,231,1960,32,2017-07-09T00:00:00Z,2017-09-28T00:00:00Z,2018-08-29T00:00:00Z,18,1,52.37538355,2021-05-09T00:00:00Z,1231651461.65,-0.77128663,-0.0287,-121863029.87,-0.0900,-353256644.10,-0.0287
ALGO,ALGO,ALGO,Algorand,https://s3.us-east-2.amazonaws.com/nomics-api/static/images/currencies/ALGO.png,active,1.77905807,2021-10-11T00:00:00Z,2021-10-11T13:26:00Z,6685928248,10000000000,11894654630,0.0045,83,198,0,2019-06-19T00:00:00Z,2019-06-21T00:00:00Z,2019-06-19T00:00:00Z,19,-1,2.92023001,2019-06-19T00:00:00Z,386368459.06,-0.067190230,-0.0364,9430614.25,0.0250,-447643325.89,-0.0363
WBTC,WBTC,WBTC,Wrapped Bitcoin,https://s3.us-east-2.amazonaws.com/nomics-api/static/images/currencies/WBTC.png,active,56750.90780537,2021-10-11T00:00:00Z,2021-10-11T13:26:00Z,209219,209219,11873340368,0.0045,81,601,77,2019-01-29T00:00:00Z,2019-01-29T00:00:00Z,2019-02-14T00:00:00Z,20,0,63739.78604896,2021-04-13T00:00:00Z,449281794.08,1245.43518949,0.0224,120880927.01,0.3681,279985296.52,0.0242
BCH,BCH,BCH,Bitcoin Cash,https://s3.us-east-2.amazonaws.com/nomics-api/static/images/currencies/BCH.png,active,604.06828305,2021-10-11T00:00:00Z,2021-10-11T13:26:00Z,18869475,21000000,11398451303,0.0043,265,1859,126,2017-07-09T00:00:00Z,2017-07-27T00:00:00Z,2018-08-29T00:00:00Z,21,0,3716.98886593,2017-12-20T00:00:00Z,2858333686.82,-6.67607128,-0.0109,-83002820.34,-0.0282,-125515901.17,-0.0109
FTXTOKEN,FTXTOKEN,FTT,FTX Token,https://s3.us-east-2.amazonaws.com/nomics-api/static/images/currencies/FTXTOKEN.png,active,54.59657431,2021-10-11T00:00:00Z,2021-10-11T13:26:00Z,189393793,336326035,10340252307,0.0039,44,94,0,2019-07-28T00:00:00Z,2019-07-29T00:00:00Z,2019-07-29T00:00:00Z,22,0,79.67974291,2021-09-09T00:00:00Z,325091773.50,-0.64650635,-0.0117,57707060.36,0.2158,-123731004.08,-0.0118
ATOM,ATOM,ATOM,Cosmos,https://nomics-api.s3.us-east-2.amazonaws.com/static/images/currencies/atom.jpg,active,33.18177226,2021-10-11T00:00:00Z,2021-10-11T13:26:00Z,280529388,,9308462280,0.0035,99,244,0,2017-07-09T00:00:00Z,2019-04-22T00:00:00Z,2019-03-14T00:00:00Z,23,0,44.48448956,2021-09-19T00:00:00Z,799182061.65,-1.06529575,-0.0311,93972886.79,0.1333,-297069273.69,-0.0309
MATIC,MATIC,MATIC,Polygon,https://s3.us-east-2.amazonaws.com/nomics-api/static/images/currencies/matic.png,active,1.27151680,2021-10-11T00:00:00Z,2021-10-11T13:26:00Z,6720693343,10000000000,8545474516,0.0032,133,914,7623,2019-04-26T00:00:00Z,2019-04-26T00:00:00Z,2019-04-26T00:00:00Z,24,0,2.44649116,2021-05-18T00:00:00Z,638501347.25,-0.045540751,-0.0346,67621594.24,0.1185,-303836557.92,-0.0343
XLM,XLM,XLM,Stellar,https://s3.us-east-2.amazonaws.com/nomics-api/static/images/currencies/xlm.svg,active,0.35437462,2021-10-11T00:00:00Z,2021-10-11T13:26:00Z,23862599289,50001802732,8456299630,0.0032,165,498,75,2014-08-11T00:00:00Z,2014-08-11T00:00:00Z,2018-08-29T00:00:00Z,25,0,0.89945933,2018-01-03T00:00:00Z,613158244.38,0.0069550262,0.0200,-104074867.27,-0.1451,165964860.00,0.0200
FIL,FIL,FIL,Filecoin,https://s3.us-east-2.amazonaws.com/nomics-api/static/images/currencies/FIL.png,active,71.54468063,2021-10-11T00:00:00Z,2021-10-11T13:26:00Z,111411721,2000000000,7970915997,0.0030,86,227,0,2017-11-03T00:00:00Z,2017-11-23T00:00:00Z,2019-06-04T00:00:00Z,26,0,190.82957620,2021-03-31T00:00:00Z,1834445074.41,-2.75895374,-0.0371,276407934.22,0.1774,-287471686.25,-0.0348
ICP,ICP,ICP,Dfinity,https://s3.us-east-2.amazonaws.com/nomics-api/static/images/currencies/ICP.jpg,active,45.42516467,2021-10-11T00:00:00Z,2021-10-11T13:26:00Z,167115443,473661064,7591246530,0.0029,43,72,0,2021-01-30T00:00:00Z,2021-05-06T00:00:00Z,2021-01-30T00:00:00Z,27,0,455.09252576,2021-05-05T00:00:00Z,448683860.82,-2.27680604,-0.0477,31512350.06,0.0755,-380489450.17,-0.0477,2021-03-24T00:11:30.852913Z
VET,VET,VET,VeChain Thor,https://s3.us-east-2.amazonaws.com/nomics-api/static/images/currencies/vet.png,active,0.11204070,2021-10-11T00:00:00Z,2021-10-11T13:26:00Z,66760741299,86712634466,7479919971,0.0028,63,189,1,2018-07-13T00:00:00Z,2018-07-13T00:00:00Z,2018-08-29T00:00:00Z,28,0,0.25463057,2021-04-18T00:00:00Z,406642826.90,-0.0043925778,-0.0377,-87977094.57,-0.1779,-293251749.32,-0.0377,
AXS2,AXS2,AXS,Axie Infinity,https://s3.us-east-2.amazonaws.com/nomics-api/static/images/currencies/AXS2.jpg,active,117.71447212,2021-10-11T00:00:00Z,2021-10-11T13:26:00Z,61037235,270000000,7184965914,0.0027,71,148,2,2020-11-04T00:00:00Z,2020-11-04T00:00:00Z,2020-11-04T00:00:00Z,29,0,136.54874258,2021-10-03T00:00:00Z,1589069780.94,-6.65365725,-0.0535,467794069.80,0.4172,-406113628.93,-0.0535,2020-11-09T16:49:37.895041Z
TRX,TRX,TRX,TRON,https://s3.us-east-2.amazonaws.com/nomics-api/static/images/currencies/TRX.svg,active,0.099242053,2021-10-11T00:00:00Z,2021-10-11T13:26:00Z,71660220128,100850743812,7111707335,0.0027,198,1927,15402,2017-10-06T00:00:00Z,2017-10-06T00:00:00Z,2018-08-29T00:00:00Z,30,0,0.20711335,2018-01-04T00:00:00Z,1076113714.25,-0.0021666685,-0.0214,-454564019.27,-0.2970,-155263943.95,-0.0214,
ETC,ETC,ETC,Ethereum Classic,https://s3.us-east-2.amazonaws.com/nomics-api/static/images/currencies/etc.svg,active,54.23037403,2021-10-11T00:00:00Z,2021-10-11T13:26:00Z,130263626,210700000,7064245173,0.0027,158,665,103,2016-07-24T00:00:00Z,2016-07-24T00:00:00Z,2018-08-29T00:00:00Z,31,0,134.89028900,2021-05-06T00:00:00Z,1047856994.96,-0.86665286,-0.0157,-140500515.62,-0.1182,-111708141.42,-0.0156,
DAI,DAI,DAI,Dai,https://s3.us-east-2.amazonaws.com/nomics-api/static/images/currencies/DAI.svg,active,1.00135836,2021-10-11T00:00:00Z,2021-10-11T13:26:00Z,6540397000,6541879085,6549281228,0.0025,159,1414,605,2017-12-22T00:00:00Z,2017-12-22T00:00:00Z,2018-09-07T00:00:00Z,32,1,1.15263354,2018-04-07T00:00:00Z,389871861.66,0.0015173653,0.0015,204853639.02,1.1072,25611039.17,0.0039,
THETA,THETA,THETA,Theta Token,https://s3.us-east-2.amazonaws.com/nomics-api/static/images/currencies/theta.png,active,6.40886702,2021-10-11T00:00:00Z,2021-10-11T13:26:00Z,1000000000,1000000000,6408867016,0.0024,52,119,0,2018-01-16T00:00:00Z,2018-01-16T00:00:00Z,2018-08-29T00:00:00Z,33,-1,14.34227294,2021-04-16T00:00:00Z,309496825.91,-0.26687962,-0.0400,-130766033.46,-0.2970,-266879623.37,-0.0400,
XTZ,XTZ,XTZ,Tezos,https://s3.us-east-2.amazonaws.com/nomics-api/static/images/currencies/xtz.svg,active,7.10877068,2021-10-11T00:00:00Z,2021-10-11T13:26:00Z,862668109,,6132509756,0.0023,102,251,0,2017-06-23T00:00:00Z,2017-06-23T00:00:00Z,2018-09-17T00:00:00Z,34,0,10.34882163,2017-12-17T00:00:00Z,559149410.44,-0.29997723,-0.0405,-170693687.81,-0.2339,-257917082.60,-0.0404,
CETH,CETH,CETH,Compound Ether,https://s3.us-east-2.amazonaws.com/nomics-api/static/images/currencies/CETH.png,active,71.84072286,2021-10-11T00:00:00Z,2021-10-11T13:26:00Z,78726021,78728641,5655734278,0.0021,4,9,0,2020-03-25T00:00:00Z,2020-07-04T00:00:00Z,,35,1,83.81781545,2021-05-11T00:00:00Z,101045365.66,0.65520687,0.0092,73208272.70,2.6299,176081428.93,0.0321,
FTM,FTM,FTM,Fantom,https://s3.us-east-2.amazonaws.com/nomics-api/static/images/currencies/ftm.png,active,2.10961998,2021-10-11T00:00:00Z,2021-10-11T13:26:00Z,2541152731,3175000000,5360866584,0.0020,68,267,1500,2018-10-28T00:00:00Z,2018-10-29T00:00:00Z,2019-06-04T00:00:00Z,36,-1,2.28546125,2021-10-08T00:00:00Z,2000760264.09,-0.12819108,-0.0573,-283475222.23,-0.1241,-325753100.53,-0.0573,
HBAR,HBAR,HBAR,Hedera Hashgraph,https://s3.us-east-2.amazonaws.com/nomics-api/static/images/currencies/HBAR.jpg,active,0.35224407,2021-10-11T00:00:00Z,2021-10-11T13:26:00Z,14832756234,50000000000,5224750447,0.0020,33,64,0,2019-09-17T00:00:00Z,2019-09-17T00:00:00Z,2019-09-17T00:00:00Z,37,0,0.50534260,2021-09-15T00:00:00Z,108729567.62,-0.0094891709,-0.0262,14901254.56,0.1588,-140750555.28,-0.0262,
XMR,XMR,XMR,Monero,https://s3.us-east-2.amazonaws.com/nomics-api/static/images/currencies/xmr.svg,active,275.06185477,2021-10-11T00:00:00Z,2021-10-11T13:26:00Z,18009182,,4953638882,0.0019,126,495,114,2014-05-19T00:00:00Z,2014-05-19T00:00:00Z,2018-08-29T00:00:00Z,38,0,484.76590041,2021-05-09T00:00:00Z,236081354.57,-4.05822174,-0.0145,13459552.90,0.0605,-72920679.24,-0.0145,
STETH,STETH,STETH,Liquid Staked Ether,https://s3.us-east-2.amazonaws.com/nomics-api/static/images/currencies/STETH.png,active,3557.79095408,2021-10-11T00:00:00Z,2021-10-11T13:04:00Z,1381328,1381553,4914475359,0.0019,5,7,0,2020-12-19T00:00:00Z,2020-12-19T00:00:00Z,2021-01-08T00:00:00Z,39,1,4177.37707172,2021-05-11T00:00:00Z,14017635.16,28.87847920,0.0082,8534289.54,1.5564,45126226.20,0.0093,2020-12-28T21:21:34.943723Z
EGLD,EGLD,EGLD,Elrond,https://s3.us-east-2.amazonaws.com/nomics-api/static/images/currencies/EGLD.jpeg,active,245.60530744,2021-10-11T00:00:00Z,2021-10-11T13:26:00Z,19881880,22541880,4883095250,0.0018,32,58,0,2020-09-02T00:00:00Z,2020-09-03T00:00:00Z,2020-09-03T00:00:00Z,40,-1,281.01377887,2021-09-14T00:00:00Z,115096383.41,-6.06241312,-0.0241,28774286.41,0.3333,-119195311.19,-0.0238,
CRO,CRO,CRO,Crypto.com Chain,https://s3.us-east-2.amazonaws.com/nomics-api/static/images/currencies/cro.jpg,active,0.19195623,2021-10-11T00:00:00Z,2021-10-11T13:26:00Z,25263013692,30263013692,4849392941,0.0018,60,195,1,2019-03-07T00:00:00Z,2019-03-08T00:00:00Z,2019-03-08T00:00:00Z,41,0,0.24555304,2021-04-15T00:00:00Z,44178969.65,0.0011885778,0.0062,-578491.94,-0.0129,30027057.50,0.0062,
EOS,EOS,EOS,EOS,https://s3.us-east-2.amazonaws.com/nomics-api/static/images/currencies/eos.svg,active,4.64550696,2021-10-11T00:00:00Z,2021-10-11T13:26:00Z,970150640,,4506841550,0.0017,208,1279,90,2017-06-23T00:00:00Z,2017-06-23T00:00:00Z,2018-08-29T00:00:00Z,42,0,21.03021138,2018-04-29T00:00:00Z,1254175401.78,-0.19073990,-0.0394,-242140352.70,-0.1618,-184529288.94,-0.0393,
CAKE,CAKE,CAKE,PancakeSwap,https://s3.us-east-2.amazonaws.com/nomics-api/static/images/currencies/CAKE.jpg,active,19.17137071,2021-10-11T00:00:00Z,2021-10-11T13:26:00Z,230956259,477660790,4427748049,0.0017,60,1050,1310,2020-09-22T00:00:00Z,2020-09-22T00:00:00Z,2020-09-29T00:00:00Z,43,2,42.71203905,2021-04-29T00:00:00Z,161765824.35,-0.082872147,-0.0043,11151048.58,0.0740,-11224859.03,-0.0025,2021-02-02T14:53:17.269368Z
OKB,OKB,OKB,OKEx Utility Token,https://s3.us-east-2.amazonaws.com/nomics-api/static/images/currencies/OKB.png,active,16.39642052,2021-10-11T00:00:00Z,2021-10-11T13:26:00Z,265115438,300000000,4346944210,0.0016,49,210,3,2017-07-09T00:00:00Z,2019-06-13T00:00:00Z,2019-02-14T00:00:00Z,44,0,42.42399246,2021-05-02T00:00:00Z,417043684.33,-0.92168603,-0.0532,149838475.99,0.5608,-244353196.13,-0.0532,
KLAY,KLAY,KLAY,Klaytn,https://s3.us-east-2.amazonaws.com/nomics-api/static/images/currencies/KLAY.jpg,active,1.69743901,2021-10-11T00:00:00Z,2021-10-11T13:26:00Z,2512032984,,4264022786,0.0016,32,57,0,2019-09-26T00:00:00Z,2020-03-02T00:00:00Z,2020-02-21T00:00:00Z,45,-2,4.21859526,2021-03-30T00:00:00Z,161008619.87,-0.13784993,-0.0751,-221225579.96,-0.5788,-345798389.07,-0.0750,
IOT,IOT,IOT,IOTA (MIOTA),https://s3.us-east-2.amazonaws.com/nomics-api/static/images/currencies/iot.svg,active,1.48091084,2021-10-11T00:00:00Z,2021-10-11T13:26:00Z,2779530283,2779530283,4116236517,0.0016,40,115,0,2017-06-12T00:00:00Z,2017-06-12T00:00:00Z,2018-08-29T00:00:00Z,46,0,5.38068001,2017-12-19T00:00:00Z,450220626.20,-0.020487733,-0.0136,197102922.57,0.7787,-56946273.32,-0.0136,
BCHA,BCHA,BCHA,Bitcoin Cash ABC,https://s3.us-east-2.amazonaws.com/nomics-api/static/images/currencies/BCHA.png,active,216.65704043,2021-10-11T00:00:00Z,2021-10-11T13:25:00Z,18794058,21000000,4071865070,0.0015,35,60,0,2020-10-10T00:00:00Z,2020-10-10T00:00:00Z,2020-10-10T00:00:00Z,47,3,338.52000509,2021-09-05T00:00:00Z,13663.32,25.35959298,0.1326,-77329.27,-0.8498,476609671.34,0.1326,2020-11-04T19:58:05.382158Z
QNT,QNT,QNT,Quant,https://s3.us-east-2.amazonaws.com/nomics-api/static/images/currencies/qnt.jpg,active,296.12822091,2021-10-11T00:00:00Z,2021-10-11T13:26:00Z,13375967,14612493,3961001450,0.0015,38,81,1,2018-06-25T00:00:00Z,2018-06-25T00:00:00Z,2019-01-29T00:00:00Z,48,-1,395.63346947,2021-09-10T00:00:00Z,68266431.11,-5.62373640,-0.0186,-5804229.06,-0.0784,-75222915.08,-0.0186,
AAVE,AAVE,AAVE,Aave,https://s3.us-east-2.amazonaws.com/nomics-api/static/images/currencies/AAVE.jpg,active,296.77257741,2021-10-11T00:00:00Z,2021-10-11T13:26:00Z,13198522,16000000,3916959249,0.0015,121,344,5,2020-10-02T00:00:00Z,2020-10-02T00:00:00Z,2020-10-04T00:00:00Z,49,-1,629.23855985,2021-05-18T00:00:00Z,269305514.63,-5.80200567,-0.0192,62475991.69,0.3021,-76077640.75,-0.0191,
NEAR,NEAR,NEAR,Near Protocol,https://s3.us-east-2.amazonaws.com/nomics-api/static/images/currencies/NEAR.jpg,active,7.53191608,2021-10-11T00:00:00Z,2021-10-11T13:26:00Z,477691064,1000000000,3597929008,0.0014,42,94,20,2020-09-27T00:00:00Z,2020-10-14T00:00:00Z,2020-09-30T00:00:00Z,50,-1,10.44770974,2021-09-08T00:00:00Z,256847049.36,-0.19349057,-0.0250,3253091.87,0.0128,-87203413.47,-0.0237,2020-10-28T18:45:07.594685Z
GRT,GRT,GRT,The Graph,https://s3.us-east-2.amazonaws.com/nomics-api/static/images/currencies/GRT.jpg,active,0.69587471,2021-10-11T00:00:00Z,2021-10-11T13:26:00Z,4956845231,10000000000,3449343220,0.0013,97,200,0,2020-05-23T00:00:00Z,2020-12-17T00:00:00Z,2020-05-23T00:00:00Z,51,0,2.34080033,2021-02-13T00:00:00Z,126423205.85,-0.022307528,-0.0311,5299441.52,0.0438,-110574963.05,-0.0311,
BSV,BSV,BSV,Bitcoin SV,https://s3.us-east-2.amazonaws.com/nomics-api/static/images/currencies/BSV.png,active,177.34488410,2021-10-11T00:00:00Z,2021-10-11T13:26:00Z,18866433,21000000,3345865355,0.0013,135,618,83,2017-07-09T00:00:00Z,2018-11-08T00:00:00Z,2018-11-13T00:00:00Z,52,0,441.16940932,2021-04-16T00:00:00Z,439279560.87,-2.43224261,-0.0135,82258540.03,0.2304,-45704594.00,-0.0135,
NEO,NEO,NEO,NEO,https://s3.us-east-2.amazonaws.com/nomics-api/static/images/currencies/neo.svg,active,46.27814781,2021-10-11T00:00:00Z,2021-10-11T13:26:00Z,70530000,100000000,3263997765,0.0012,125,426,2,2016-10-26T00:00:00Z,2017-07-14T00:00:00Z,2018-08-29T00:00:00Z,53,0,190.70051220,2018-01-15T00:00:00Z,286334565.95,-0.97556113,-0.0206,-34070904.71,-0.1063,-68806326.48,-0.0206,
KSM,KSM,KSM,Kusama,https://s3.us-east-2.amazonaws.com/nomics-api/static/images/currencies/KSM.jpg,active,338.31574012,2021-10-11T00:00:00Z,2021-10-11T13:26:00Z,8980098,10000000,3038108526,0.0011,59,115,0,2019-07-31T00:00:00Z,2020-07-25T00:00:00Z,2019-12-31T00:00:00Z,54,0,597.23820253,2021-05-14T00:00:00Z,132153082.72,-16.38808987,-0.0462,-76705335.49,-0.3673,-147166654.31,-0.0462,
CUSDC,CUSDC,CUSDC,Compound USD Coin,https://s3.us-east-2.amazonaws.com/nomics-api/static/images/currencies/CUSDC.png,active,0.022233092,2021-10-11T00:00:00Z,2021-10-11T13:26:00Z,125500977804,125500977804,2790274744,0.0011,8,22,0,2019-09-22T00:00:00Z,2020-05-18T00:00:00Z,2020-04-09T00:00:00Z,55,1,0.025778576,2020-09-20T00:00:00Z,9467320.78,-0.0000090167282,-0.0004,-21091796.23,-0.6902,14614527.71,0.0053,
UST,UST,UST,TerraUSD,https://s3.us-east-2.amazonaws.com/nomics-api/static/images/currencies/UST2.png,active,1.00036775,2021-10-11T00:00:00Z,2021-10-11T13:26:00Z,2726451951,2726451951,2727454599,0.0010,22,104,0,2019-06-05T00:00:00Z,2020-12-03T00:00:00Z,2020-11-23T00:00:00Z,56,2,1.04203882,2021-01-31T00:00:00Z,44908934.11,-0.0014774165,-0.0015,2721730.04,0.0645,1339708.23,0.0005,
CDAI,CDAI,CDAI,Compound Dai,https://s3.us-east-2.amazonaws.com/nomics-api/static/images/currencies/CDAI.png,active,0.021655814,2021-10-11T00:00:00Z,2021-10-11T13:26:00Z,123617533995,123617533995,2677038384,0.0010,8,24,1,2020-03-25T00:00:00Z,2020-05-18T00:00:00Z,2020-04-09T00:00:00Z,57,3,0.024212505,2020-09-20T00:00:00Z,23143738.39,-0.000021061061,-0.0010,11124120.73,0.9255,19796352.32,0.0074,
WAVES,WAVES,WAVES,Waves,https://s3.us-east-2.amazonaws.com/nomics-api/static/images/currencies/WAVES.png,active,26.44944678,2021-10-11T00:00:00Z,2021-10-11T13:26:00Z,100000000,100000000,2644944678,0.0010,80,1492,6015,2016-06-20T00:00:00Z,2016-11-15T00:00:00Z,2018-08-29T00:00:00Z,58,-1,35.91194387,2021-05-05T00:00:00Z,123237745.33,-1.00920231,-0.0368,-23341890.86,-0.1592,-100920231.42,-0.0368,
LEO,LEO,LEO,UNUS SED LEO,https://s3.us-east-2.amazonaws.com/nomics-api/static/images/currencies/leotoken.png,active,2.75854029,2021-10-11T00:00:00Z,2021-10-11T13:26:00Z,944138552,985239504,2604444235,0.0010,29,80,1,2019-05-20T00:00:00Z,2019-05-20T00:00:00Z,2019-05-20T00:00:00Z,59,0,3.88277438,2021-05-12T00:00:00Z,22467405.39,-0.082550048,-0.0291,1803503.46,0.0873,-78138684.33,-0.0291,
BLOCKSTACK,BLOCKSTACK,STX,Stacks,https://s3.us-east-2.amazonaws.com/nomics-api/static/images/currencies/BLOCKSTACK.png,active,2.06031535,2021-10-11T00:00:00Z,2021-10-11T13:26:00Z,1250733022,1352464600,2576904440,0.0010,17,34,0,2017-11-10T00:00:00Z,2017-11-10T00:00:00Z,2019-06-05T00:00:00Z,60,-5,2.69594691,2021-04-14T00:00:00Z,418319640.88,-0.31361442,-0.1321,-384545074.73,-0.4790,-391941978.67,-0.1320,
BITTORRENT,BITTORRENT,BTT,BitTorrent,https://s3.us-east-2.amazonaws.com/nomics-api/static/images/currencies/bittorrent.png,active,0.0039044936,2021-10-11T00:00:00Z,2021-10-11T13:26:00Z,659071882049,990000000000,2573341961,0.0010,84,206,0,2019-01-30T00:00:00Z,2019-01-31T00:00:00Z,2019-01-31T00:00:00Z,61,1,0.010407179,2021-04-05T00:00:00Z,419576040.87,-0.000099644717,-0.0249,-416050717.91,-0.4979,-65673031.42,-0.0249,
HARMONY,HARMONY,ONE,Harmony,https://s3.us-east-2.amazonaws.com/nomics-api/static/images/currencies/harmony.jpg,active,0.23958739,2021-10-11T00:00:00Z,2021-10-11T13:26:00Z,10669493247,,2556275991,0.0010,30,111,1225,2017-07-09T00:00:00Z,2018-10-16T00:00:00Z,2019-06-02T00:00:00Z,62,-1,0.25594272,2021-10-10T00:00:00Z,611564096.89,-0.0094879272,-0.0381,93150862.38,0.1797,-100931188.36,-0.0380,
SUSHI,SUSHI,SUSHI,Sushi,https://s3.us-east-2.amazonaws.com/nomics-api/static/images/currencies/SUSHI.jpg,active,10.63178396,2021-10-11T00:00:00Z,2021-10-11T13:26:00Z,231854974,235527579,2465031995,0.0009,131,363,46,2019-06-03T00:00:00Z,2020-08-28T00:00:00Z,2020-08-28T00:00:00Z,63,0,22.77633936,2021-03-13T00:00:00Z,323917058.50,-0.15846025,-0.0147,68316022.70,0.2673,-36139303.31,-0.0144,
CEL,CEL,CEL,Celsius,https://s3.us-east-2.amazonaws.com/nomics-api/static/images/currencies/cel.jpg,active,5.80469744,2021-10-11T00:00:00Z,2021-10-11T13:26:00Z,410730516,695658161,2384166373,0.0009,36,88,0,2018-04-24T00:00:00Z,2018-04-24T00:00:00Z,2019-06-12T00:00:00Z,64,1,8.03368727,2021-06-03T00:00:00Z,10279046.72,0.10167598,0.0178,3318779.74,0.4768,41761428.10,0.0178,
AMP2,AMP2,AMP,AMP Token,https://s3.us-east-2.amazonaws.com/nomics-api/static/images/currencies/AMP2.jpg,active,0.047821945,2021-10-11T00:00:00Z,2021-10-11T13:26:00Z,48013928909,99436247241,2296119463,0.0009,26,46,1,2015-11-04T00:00:00Z,2017-11-22T00:00:00Z,2018-09-12T00:00:00Z,65,-1,0.10878203,2021-06-16T00:00:00Z,16183536.21,-0.0012633697,-0.0257,-15752689.81,-0.4933,-60659341.98,-0.0257,2020-12-08T16:40:31.111161Z
MKR,MKR,MKR,Maker,https://s3.us-east-2.amazonaws.com/nomics-api/static/images/currencies/MKR.svg,active,2513.08970655,2021-10-11T00:00:00Z,2021-10-11T13:26:00Z,901311,991328,2265075264,0.0009,145,395,11,2017-12-21T00:00:00Z,2017-12-21T00:00:00Z,2018-09-07T00:00:00Z,66,0,5991.16323587,2021-05-03T00:00:00Z,107851470.78,-84.45213589,-0.0325,-41647149.28,-0.2786,-76117634.60,-0.0325,
RUNE,RUNE,RUNE,Thorchain,https://s3.us-east-2.amazonaws.com/nomics-api/static/images/currencies/RUNE.png,active,7.76917784,2021-10-11T00:00:00Z,2021-10-11T13:26:00Z,262741793,500000000,2041287716,0.0008,26,60,0,2019-07-20T00:00:00Z,2019-07-20T00:00:00Z,2019-07-26T00:00:00Z,67,0,20.35381930,2021-05-18T00:00:00Z,133471903.34,-0.28398618,-0.0353,35601738.32,0.3638,-74615038.11,-0.0353,
OMG,OMG,OMG,OMG Network,https://s3.us-east-2.amazonaws.com/nomics-api/static/images/currencies/OMG.jpeg,active,14.36312919,2021-10-11T00:00:00Z,2021-10-11T13:26:00Z,140245398,140245398,2014362773,0.0008,184,498,2,2017-06-19T00:00:00Z,2017-06-19T00:00:00Z,2018-08-29T00:00:00Z,68,4,25.66565788,2018-01-13T00:00:00Z,1485874716.27,0.70115490,0.0513,501613273.03,0.5096,98333748.17,0.0513,
HELIUM,HELIUM,HNT,Helium,https://s3.us-east-2.amazonaws.com/nomics-api/static/images/currencies/HELIUM.jpeg,active,19.43997817,2021-10-11T00:00:00Z,2021-10-11T13:26:00Z,102831548,,1999043051,0.0008,15,29,0,2020-04-17T00:00:00Z,2020-09-15T00:00:00Z,2020-04-17T00:00:00Z,69,0,26.38190367,2021-08-23T00:00:00Z,17601245.52,-0.12763822,-0.0065,6359113.64,0.5657,-11622220.98,-0.0058,
1INCH,1INCH,1INCH,1inch,https://s3.us-east-2.amazonaws.com/nomics-api/static/images/currencies/1INCH.jpg,active,2.98782080,2021-10-11T00:00:00Z,2021-10-11T13:26:00Z,668517282,1500000000,1997409836,0.0008,87,223,6,2020-12-24T00:00:00Z,2020-12-25T00:00:00Z,2020-12-25T00:00:00Z,70,-2,7.50520967,2021-05-08T00:00:00Z,112045111.21,-0.12190065,-0.0392,17678739.07,0.1873,-81492687.93,-0.0392,2020-12-28T18:53:34.959468Z
DASH,DASH,DASH,Dash,https://s3.us-east-2.amazonaws.com/nomics-api/static/images/currencies/dash.svg,active,186.54424929,2021-10-11T00:00:00Z,2021-10-11T13:26:00Z,10374758,18920000,1935351374,0.0007,196,819,173,2014-02-07T00:00:00Z,2014-02-07T00:00:00Z,2018-08-29T00:00:00Z,71,-1,1440.11316833,2017-12-20T00:00:00Z,434611266.03,-5.17871912,-0.0270,33547214.80,0.0836,-53454226.56,-0.0269,
COMP,COMP,COMP,Compound,https://s3.us-east-2.amazonaws.com/nomics-api/static/images/currencies/COMP.png,active,311.28451427,2021-10-11T00:00:00Z,2021-10-11T13:26:00Z,6091518,10000000,1896195282,0.0007,137,364,9,2020-06-15T00:00:00Z,2020-06-15T00:00:00Z,2020-06-15T00:00:00Z,72,-1,855.72503645,2021-05-11T00:00:00Z,154573437.47,-10.13416974,-0.0315,-19688797.25,-0.1130,-61414447.18,-0.0314,
DCR,DCR,DCR,Decred,https://s3.us-east-2.amazonaws.com/nomics-api/static/images/currencies/dcr.svg,active,136.84831933,2021-10-11T00:00:00Z,2021-10-11T13:26:00Z,13392599,21000000,1832754717,0.0007,50,115,0,2016-02-09T00:00:00Z,2016-05-16T00:00:00Z,2018-09-12T00:00:00Z,73,0,246.16772008,2021-04-16T00:00:00Z,19500660.28,0.35107383,0.0026,4044367.95,0.2617,5076080.66,0.0028,
OMI,OMI,OMI,ECOMI,https://s3.us-east-2.amazonaws.com/nomics-api/static/images/currencies/OMI.png,active,0.0080834067,2021-10-11T00:00:00Z,2021-10-11T13:25:00Z,217682501401,750000000000,1759616183,0.0007,4,7,0,2019-10-01T00:00:00Z,2021-03-23T00:00:00Z,2020-02-14T00:00:00Z,74,2,0.013133223,2021-03-19T00:00:00Z,14781856.33,-0.0000020008774,-0.0002,438902.60,0.0306,-435556.00,-0.0002,2021-02-02T14:53:17.269368Z
CELO,CELO,CELO,Celo,https://s3.us-east-2.amazonaws.com/nomics-api/static/images/currencies/CELO.svg,active,5.68679998,2021-10-11T00:00:00Z,2021-10-11T13:26:00Z,306819314,1000000000,1744820069,0.0007,26,75,75,2020-05-15T00:00:00Z,2020-08-28T00:00:00Z,2020-05-21T00:00:00Z,75,-1,7.61650636,2021-09-24T00:00:00Z,61685366.11,-0.16917289,-0.0289,6066240.10,0.1091,-51905511.03,-0.0289,
SNX,SNX,SNX,Synthetix Network Token,https://s3.us-east-2.amazonaws.com/nomics-api/static/images/currencies/SNX.png,active,9.82518132,2021-10-11T00:00:00Z,2021-10-11T13:26:00Z,175368076,235186817,1723023142,0.0007,123,343,7,2018-03-15T00:00:00Z,2018-03-15T00:00:00Z,2019-05-15T00:00:00Z,76,-1,27.15919448,2021-02-12T00:00:00Z,86231385.00,-0.27644982,-0.0274,-2935768.30,-0.0329,-48414873.92,-0.0273,
CHZ,CHZ,CHZ,Chiliz,https://s3.us-east-2.amazonaws.com/nomics-api/static/images/currencies/CHZ.png,active,0.31645504,2021-10-11T00:00:00Z,2021-10-11T13:26:00Z,5344064580,8888888888,1691156187,0.0006,85,225,2,2019-06-29T00:00:00Z,2019-06-29T00:00:00Z,2019-07-17T00:00:00Z,77,0,0.71676784,2021-04-16T00:00:00Z,222947764.70,-0.0083332182,-0.0257,-4350094.90,-0.0191,-44533256.06,-0.0257,
HOT,HOT,HOT,Holo,https://s3.us-east-2.amazonaws.com/nomics-api/static/images/currencies/hot.png,active,0.0094310107,2021-10-11T00:00:00Z,2021-10-11T13:26:00Z,177619433541,177619433541,1675130775,0.0006,78,225,0,2018-04-29T00:00:00Z,2018-04-29T00:00:00Z,2018-08-29T00:00:00Z,78,0,0.028689560,2021-04-05T00:00:00Z,99824480.79,-0.00013210877,-0.0138,-63833880.05,-0.3900,-23465085.05,-0.0138,
TFUEL,TFUEL,TFUEL,Theta Fuel,https://s3.us-east-2.amazonaws.com/nomics-api/static/images/currencies/TFUEL.png,active,0.30213232,2021-10-11T00:00:00Z,2021-10-11T13:26:00Z,5446130554,5446130554,1645452051,0.0006,19,31,0,2019-03-19T00:00:00Z,2019-03-19T00:00:00Z,2019-03-22T00:00:00Z,79,0,0.58981047,2021-06-20T00:00:00Z,67311343.37,-0.0033616725,-0.0110,28251270.72,0.7233,-17959638.88,-0.0108,
XEM,XEM,XEM,NEM,https://s3.us-east-2.amazonaws.com/nomics-api/static/images/currencies/xem.svg,active,0.18152485,2021-10-11T00:00:00Z,2021-10-11T13:26:00Z,8999999999,8999999999,1633723616,0.0006,84,199,1,2015-03-31T00:00:00Z,2015-03-31T00:00:00Z,2018-08-29T00:00:00Z,80,0,1.81231996,2018-01-07T00:00:00Z,118633685.88,0.0031356804,0.0176,49596081.41,0.7184,28221123.42,0.0176,
ICX,ICX,ICX,ICON,https://s3.us-east-2.amazonaws.com/nomics-api/static/images/currencies/ICX.png,active,2.24210701,2021-10-11T00:00:00Z,2021-10-11T13:26:00Z,672262799,800460000,1507285131,0.0006,52,121,1,2017-09-22T00:00:00Z,2017-09-22T00:00:00Z,2018-08-29T00:00:00Z,81,1,12.31840536,2018-01-09T00:00:00Z,126669571.87,-0.011062716,-0.0049,25390860.63,0.2507,-7157492.30,-0.0047,
ENJ,ENJ,ENJ,Enjin Coin,https://s3.us-east-2.amazonaws.com/nomics-api/static/images/currencies/enj.svg,active,1.60083767,2021-10-11T00:00:00Z,2021-10-11T13:26:00Z,934340660,1000000000,1495727723,0.0006,122,270,0,2017-11-01T00:00:00Z,2017-11-01T00:00:00Z,2018-08-29T00:00:00Z,82,-1,3.50612083,2021-04-09T00:00:00Z,101806563.85,-0.064944203,-0.0390,4169562.05,0.0427,-60680009.45,-0.0390,
XDCE,XDCE,XDC,XinFin Digital Contract,https://s3.us-east-2.amazonaws.com/nomics-api/static/images/currencies/XDCE.jpg,active,0.11984556,2021-10-11T00:00:00Z,2021-10-11T13:25:00Z,12301156448,37701156448,1474239017,0.0006,33,73,0,2018-04-05T00:00:00Z,2018-04-05T00:00:00Z,2019-06-04T00:00:00Z,83,0,0.18339960,2021-08-20T00:00:00Z,3999759.00,-0.00060725900,-0.0050,-714708.19,-0.1516,-7442722.66,-0.0050,
ECOIN2,ECOIN2,ECOIN,Ecoin,https://s3.us-east-2.amazonaws.com/nomics-api/static/images/currencies/ECOIN2.jpg,active,0.0088955443,2021-10-11T00:00:00Z,2021-10-11T13:20:00Z,161140883299,1000000000000,1433435865,0.0005,3,4,0,2020-03-20T00:00:00Z,2020-03-20T00:00:00Z,2020-03-27T00:00:00Z,84,16,0.0092331423,2021-10-10T00:00:00Z,60332.82,0.0020856077,0.3063,40033.18,1.9721,336076672.48,0.3063,
ZEC,ZEC,ZEC,Zcash,https://s3.us-east-2.amazonaws.com/nomics-api/static/images/currencies/zec.svg,active,122.30180963,2021-10-11T00:00:00Z,2021-10-11T13:26:00Z,11670196,21000000,1427286038,0.0005,168,473,65,2016-09-15T00:00:00Z,2016-09-15T00:00:00Z,2018-08-29T00:00:00Z,85,-1,2072.64520749,2016-10-29T00:00:00Z,268854475.75,-2.97682286,-0.0238,11918527.90,0.0464,-34308676.71,-0.0235,
DYDX,DYDX,DYDX,dYdX,https://s3.us-east-2.amazonaws.com/nomics-api/static/images/currencies/DYDX.jpg,active,24.83564975,2021-10-11T00:00:00Z,2021-10-11T13:26:00Z,56314608,1000000000,1398609877,0.0005,41,67,0,2021-01-09T00:00:00Z,2021-01-16T00:00:00Z,2021-01-09T00:00:00Z,86,0,26.78357859,2021-09-29T00:00:00Z,1377825681.67,0.78917841,0.0328,765554504.86,1.2504,46760297.74,0.0346,2021-09-08T17:06:35.411276Z
QTUM,QTUM,QTUM,Qtum,https://s3.us-east-2.amazonaws.com/nomics-api/static/images/currencies/qtum.svg,active,13.29741878,2021-10-11T00:00:00Z,2021-10-11T13:26:00Z,103803467,107822406,1380318171,0.0005,107,300,2,2017-05-31T00:00:00Z,2017-05-31T00:00:00Z,2018-08-29T00:00:00Z,87,-2,71.79202576,2018-01-06T00:00:00Z,399633415.59,-0.43080158,-0.0314,-193178817.29,-0.3259,-44682784.06,-0.0314,
TUSD,TUSD,TUSD,TrueUSD,https://s3.us-east-2.amazonaws.com/nomics-api/static/images/currencies/tusd.svg,active,1.00010620,2021-10-11T00:00:00Z,2021-10-11T13:26:00Z,1308069209,1308069209,1308208128,0.0005,120,755,54,2018-03-06T00:00:00Z,2018-03-06T00:00:00Z,2018-08-29T00:00:00Z,88,-1,1.08791632,2018-05-21T00:00:00Z,65139330.35,-0.0033647726,-0.0034,-1660026.90,-0.0249,-4180793.00,-0.0032,
TTT2,TTT2,TTT,The Transfer Token,https://s3.us-east-2.amazonaws.com/nomics-api/static/images/currencies/TTT2.png,active,12.38249011,2021-10-11T00:00:00Z,2021-10-11T13:26:00Z,104789400,2000000000,1297553709,0.0005,9,12,0,2019-06-04T00:00:00Z,2020-08-04T00:00:00Z,2019-06-04T00:00:00Z,89,4,16.26745925,2021-06-15T00:00:00Z,1310911.24,0.29573356,0.0245,46581.83,0.0368,30989742.13,0.0245,
FLOW2,FLOW2,FLOW,Flow,https://s3.us-east-2.amazonaws.com/nomics-api/static/images/currencies/FLOW2.jpg,active,18.85484328,2021-10-11T00:00:00Z,2021-10-11T13:26:00Z,66913753,1368390492,1261648333,0.0005,25,45,0,2021-01-27T00:00:00Z,2021-01-27T00:00:00Z,2021-01-27T00:00:00Z,90,-1,39.16128138,2021-03-04T00:00:00Z,121382129.74,-0.65533499,-0.0336,2009069.00,0.0168,-43850923.71,-0.0336,2021-01-28T14:38:49.921753Z
HT,HT,HT,Huobi Token,https://s3.us-east-2.amazonaws.com/nomics-api/static/images/currencies/ht.jpg,active,7.66006707,2021-10-11T00:00:00Z,2021-10-11T13:26:00Z,164081489,500000000,1256875212,0.0005,75,482,6885,2018-06-16T00:00:00Z,2018-06-16T00:00:00Z,2019-02-15T00:00:00Z,91,0,34.97067558,2021-05-12T00:00:00Z,144299003.89,-0.11041419,-0.0142,464955.17,0.0032,-18116925.34,-0.0142,
BTG,BTG,BTG,Bitcoin Gold,https://s3.us-east-2.amazonaws.com/nomics-api/static/images/currencies/btg.svg,active,70.68204149,2021-10-11T00:00:00Z,2021-10-11T13:26:00Z,17513924,21000000,1237919903,0.0005,63,160,2,2017-10-24T00:00:00Z,2017-10-24T00:00:00Z,2018-08-29T00:00:00Z,92,3,431.15602403,2017-12-20T00:00:00Z,107865864.37,1.65811498,0.0240,47499971.60,0.7869,29040099.73,0.0240,
IOST,IOST,IOST,IOStoken,https://s3.us-east-2.amazonaws.com/nomics-api/static/images/currencies/iost.svg,active,0.054167130,2021-10-11T00:00:00Z,2021-10-11T13:26:00Z,22799487886,22799487886,1234982826,0.0005,67,165,0,2018-01-24T00:00:00Z,2018-01-24T00:00:00Z,2018-08-29T00:00:00Z,93,-3,0.10092469,2018-01-25T00:00:00Z,177728369.32,-0.0026268700,-0.0463,-15103362.35,-0.0783,-59784757.20,-0.0462,
ZIL,ZIL,ZIL,Zilliqa,https://s3.us-east-2.amazonaws.com/nomics-api/static/images/currencies/zil.svg,active,0.096897285,2021-10-11T00:00:00Z,2021-10-11T13:26:00Z,12602051211,21000000000,1221104554,0.0005,92,263,1,2018-01-25T00:00:00Z,2018-01-25T00:00:00Z,2018-08-29T00:00:00Z,94,-2,0.23718592,2021-04-16T00:00:00Z,67833430.37,-0.0038140619,-0.0379,-4279575.41,-0.0593,-47644332.36,-0.0376,
YFI,YFI,YFI,yearn.finance,https://nomics-api.s3.us-east-2.amazonaws.com/static/images/currencies/YFI.png,active,33779.57923202,2021-10-11T00:00:00Z,2021-10-11T13:26:00Z,35693,36666,1205681853,0.0005,125,356,22,2020-07-18T00:00:00Z,2020-07-18T00:00:00Z,2020-07-21T00:00:00Z,95,-1,83011.53342353,2021-05-11T00:00:00Z,233711020.74,-823.57652488,-0.0238,32433484.56,0.1611,-29395608.04,-0.0238,
KOKO,KOKO,KOKO,KokoSwap,https://s3.us-east-2.amazonaws.com/nomics-api/static/images/currencies/KOKO.png,active,5.65674323,2021-10-11T00:00:00Z,2021-10-11T13:20:00Z,211559570,257812500,1196738169,0.0005,2,4,0,2021-05-03T00:00:00Z,2021-05-03T00:00:00Z,,96,-8,7.64242308,2021-08-28T00:00:00Z,5265149.82,-0.51932170,-0.0841,-6643118.23,-0.5579,-109867476.18,-0.0841,2021-05-04T05:11:48.74667Z
CRV,CRV,CRV,Curve DAO Token,https://s3.us-east-2.amazonaws.com/nomics-api/static/images/currencies/CRV2.jpg,active,2.74075695,2021-10-11T00:00:00Z,2021-10-11T13:26:00Z,416689938,1606959227,1142045843,0.0004,103,280,24,2020-08-12T00:00:00Z,2020-08-12T00:00:00Z,2020-08-14T00:00:00Z,97,-1,11.25108592,2020-08-14T00:00:00Z,209228833.38,-0.067049263,-0.0239,-46368967.67,-0.1814,-27214302.02,-0.0233,
MINA,MINA,MINA,Mina Protocol,https://s3.us-east-2.amazonaws.com/nomics-api/static/images/currencies/MINA.png,active,4.34171709,2021-10-11T00:00:00Z,2021-10-11T13:26:00Z,261440690,861338333,1135101511,0.0004,23,33,0,2021-04-13T00:00:00Z,2021-04-13T00:00:00Z,2021-04-15T00:00:00Z,98,-1,44.98585339,2021-05-16T00:00:00Z,61691385.53,-0.037954873,-0.0087,9403914.67,0.1799,-5326972.94,-0.0047,2021-04-14T14:25:23.039277Z
RVN,RVN,RVN,RavenCoin,https://s3.us-east-2.amazonaws.com/nomics-api/static/images/currencies/rvn.png,active,0.11031745,2021-10-11T00:00:00Z,2021-10-11T13:26:00Z,9841135000,21000000000,1085648948,0.0004,62,170,0,2018-05-16T00:00:00Z,2018-05-16T00:00:00Z,2018-09-12T00:00:00Z,99,-1,0.23480114,2021-04-14T00:00:00Z,49370773.98,-0.0038402930,-0.0336,-1576666.44,-0.0309,-36973189.25,-0.0329,
BAT,BAT,BAT,Basic Attention Token,https://s3.us-east-2.amazonaws.com/nomics-api/static/images/currencies/bat.svg,active,0.72248598,2021-10-11T00:00:00Z,2021-10-11T13:26:00Z,1490942950,1500000000,1077185371,0.0004,199,559,8,2017-06-03T00:00:00Z,2017-10-01T00:00:00Z,2018-08-29T00:00:00Z,100,-1,1.55190197,2021-04-09T00:00:00Z,71567177.64,-0.016235490,-0.0220,-7746913.36,-0.0977,-24206189.14,-0.0220,